text,label
"(G)I-DLE's message, combined with their personalities and the fact that they are heavily involved in their lyrics, music, and concepts, is why it works. It's a combination. People often clown their lyrics, but they can't deny that 1. they are more often than not catchy as hell, and 2. they communicate exactly what they need to communicate. My favorite example is Wife. People made fun of I cook cream soup, but we all know what they meant. It's funny and catchy as fuck, and the rest of the lyrics are camp and satire perfection. And if Korean fans are correct, and I can't verify it myself since I'm not Korean, it also uses a lot of clever wordplay.","Analytical Take"

"100% she's always loved rapping so she was lyric writing even before IOI days. And she's incredibly savvy about toeing the line between annoying/repetitive and lyric heavy. Because if it's too repetitive people get bored, if it's too lyric heavy people also get bored.","Analytical Take"

"Jin is Jungkook's play toy at this point and he just accepts his fate.","Reactive Take"

"Jimin has truly found his best hairstyle, happy for him and for us. Every time I see Tae with a spoon of Hobi's honey I just 🥹","Reactive Take"

"Really love this V in the Mad Max cinematic universe, it goes hard. Also, of course, this man can even rock the bundled in 2 sheets look - shout out to the killer Butter adjusting his cuffs move!","Reactive Take"

"I haven't seen an idol being so honest in a long time, which makes me wonder if something is going on behind the scenes. For those who don't know, a few of the things she addressed during the livestream were weight loss, how people only talk about her looks, what she would change about the kpop industry, and how a lot of it is a facade and a scam. She also stated that the idol life is very far away from who she really is, that she hopes we won't be surprised when we get to see the real her, and that Giselle is what we make her out to be. I feel like these are kind of things you would never see an idol say. Especially in her position. I'm just wondering if she decided to be this open because of something changing about the contract. What do you guys think?","Analytical Take"

"I genuinely applaud her bravery so much. I was getting scared for her watching it but what she said has had to be said for a long time. I'm so glad she broke out of character for this. I'm just scared for the consequences coming to her from her company.","Reactive Take"

"Idols get dragged if they do and dragged if they don't. Kpop stans talk endlessly about idol's looks. Idols know this. Their looks are one dimension of what it takes to be successful in the kpop industry. Not exactly everything, but it is important. Fans will post photos of ugly idols and mock them disregarding their talent. So in this industry, it is paramount to an idol's career to look appealing. Some will feel like they need plastic surgery to do so. I don't think they should be judged for that.","Analytical Take"

"Plastic surgery is not as common in South Korea as the internet seems to think it is. Plastic surgery capital of the world is only in the sense that more foreigners travel to South Korea for work done than any other country. Don't believe everything without evidence, especially in regards to South Korea. There is so much blatant misinformation.","Analytical Take"

"It's pretty common in the West as well. Plenty of Americans get plastic surgery to varying degrees. I work in medical imaging and so many women get breast augmentation. Cosmetic work should always be a personal choice and never forced on anyone. Unfortunately we live in a society all over the world that values beauty, and men and women will do what it takes to fit in.","Analytical Take"

"This is the most random and intriguing piece of news I've come across in a while. If some of you aren't familiar, Tablo is a rapper from Epik High. Haru is his daughter, who was born in 2010. She previously participated in writing lyrics with her dad, but not in a million years would I have expected her to be credited as the sole lyricist of a title track for a group like RIIZE. Tablo is a genius lyricist in both English and Korean, so I'm really curious to see how his teenage daughter measures up.","Analytical Take"

"I have a 14 year old niece who is deeply influenced by kpop and kdrama. Yesterday I told her she looked like an ulzzang and she thought it was an offensive word. I was confused and amazed because I never expected ulzzang to be forgotten in this era. I was a kpop and kdrama fan since 2009 and I never felt this old.","Preference Take"

"Ulzzang was a thing from when I was in junior high in 2009. The general public doesn't have that sort of attention span on things.","Analytical Take"

"How would each SM group work as a family tree? This is just a fun little discourse. So far I have Girls' Generation as the mother of Hearts2Hearts and Red Velvet as Girls' Generation's weird sister with their even weirder daughter aespa.","Preference Take"

"I'm a bit skeptical if I liked the song or not, so I want to know your opinions. I feel like Center 5 doesn't really do their concept justice. Also I feel like there's an abundance of house music, hyperpop, and EDM lately in kpop.","Preference Take"

"Just listened to it. I like the beat. Think the first part before the chorus is the best part. I dont like the repetition of the head hip toes part. With a beat like that I think they can do way more with it.","Preference Take"

"After Fame my expectations were very high. I feel disappointed. I love RIIZE, many bsides are good in this album, but this song feels like they are trying too hard to follow trends and dont give use to the boys vocals. It reminds me of Siren but less interesting and dynamic.","Analytical Take"

"It's really fun and upbeat I think, though I dislike the head knees part. I dislike that kiddy song stuff and nursery rhymes in kpop. Otherwise it's really fun.","Preference Take"

"Twice has just sold out their three dates in Seoul for their This Is For Encore shows. These shows will be held at the KSPO Dome and attended by around 45,000 people maximum. If we include their audience for the first two shows, their This Is For tour will have an attendance of between 60,000 to 70,000 in Korea alone.","Analytical Take"

"Twice has transcended the relatively tiny music market and audiences in SK. It's great to see them doing well in SK, but the truth is that Twice's international fame and market power has elevated them to the premier girl group in the world. On top of all that, Twice's popularity continues to rise.","Analytical Take"

"SK will always be personally important to them, and for that alone, it matters to me. I am not an executive or an investor. I'm a fan.","Preference Take"

"The difference is crazy. I actually didn't realize the numbers during RTB for Korea were so low. I knew their support in Korea had dwindled, but I didn't think it was to that extent. TWICE is such a staple group that they still manage to draw in new fans.","Analytical Take"

"I wanted to make this post because lately I've been seeing more and more Kpop stans calling groups flops based on their Melon chart performance. I think this sentiment has only gotten stronger because we've had a remarkable streak of hits over the past month.","Analytical Take"

"Throwback to the time when people clowned IVE for peaking at No.2 on Melon with Heya, when now their faves can barely even enter. Some groups make it look so easy to chart that when they stumble for just a slight bit they are considered flops.","Analytical Take"

"A lot of good songs here. Wish more people would give Metronome and Like a Bubble a chance. Also Viral is my favorite title track from BND.","Preference Take"

"RESCENE and LOVE ATTACK FTW. Please support our girls and also check out their discography.","Reactive Take"

"Even based on the examples you brought up, I'd say they were pretty clear failures. Chart performance isn't the only metric that matters, but if we're talking strictly about chart performance, it's hard to argue that the results have been good.","Analytical Take"

"Nothing is black and white. Not charting on Korean platforms would definitely be considered a flop in Korea. Doesn't mean it can't be successful somewhere else.","Analytical Take"

"BOYNEXTDOOR - Forever You. It will make you cry while you read the lyrics. I also like Dear My Darling.","Preference Take"

"I think I listen to Jamie's 5 Christmas Languages at least once a week. Every single iconic hot girl summer anthem gets played all year round.","Preference Take"

"Although they are very different in many aspects, I've come to realize how some of their music and styling feel very similar to NewJeans' youthful vibe.","Analytical Take"

"No matter what artist anyone is talking about, the music being good or not is not the pinnacle of success. Debuting in a company like HYBE launches you much higher regardless of the music. Marketing, money and connections matter most.","Analytical Take"

"With NewJeans you literally couldn't escape their music, news, members or performances. They haven't made nearly as much noise from debut. They could maybe reach a similar level after years.","Analytical Take"

"Atmos is simply pop music perfection. I have been listening to the album nonstop since it came out. The album is a perfect showcase of what premium K-pop can sound like when everyone involved is a master of their craft.","Reactive Take"

"I agree with you. I really enjoyed that most of the songs were over 3 minutes. It's refreshing. I loved the title track but my favorite has to be Anti Believer.","Preference Take"

"It's because this comeback has barely been promoted. SM has no idea how to promote their legendary groups. All their energy goes toward newer groups.","Analytical Take"

"I thought SM was in the business of making money. Nobody in K-pop understands the size of the audience thirty plus, who actually have the most buying power.","Analytical Take"

"To be fair this isn't entirely true as all members of SHINee have been busy with solo endeavors. The promotion is another thing entirely. SHINee don't have anything to prove but SM always lacks in this area.","Analytical Take"

"I don't listen to K-pop at all. Then TikTok started throwing edits at me using songs from the Arirang album. What surprised me most is how varied it is while still feeling cohesive.","Analytical Take"

"This person reads books recommended by RM and talks about how the concepts of those books are referenced in BTS music. If you like lyrics, BTS will not disappoint.","Preference Take"

"That part about the album still being cohesive is exactly what got me into BTS all those years ago. It puts them apart from artists who don't think deeper about their concepts.","Analytical Take"

"BTS started as a hip hop group and went back to their roots with this album. Everyone with an appreciation for lyricism will be sucked in.","Analytical Take"

"They are definitely a kpop group but the hatred for kpop among BTS fans is not irrational. The global popularity of the industry is highly dependent on BTS.","Reactive Take"

"Over the last few years, the kpop industry has benefitted greatly from BTS and yet fans, idols, companies and the media continue to discredit them.","Reactive Take"

"Aww thank you. I finally joined the BTS sub. Right now I've just been watching performances and going down a rabbit hole of funny clips. My current favorite is RM.","Preference Take"

"Some of us wish we were at this stage, discovering them afresh. The rabbit hole is so deep.","Reactive Take"

"Falling down the rabbit hole is so much fun, but the volume of content can feel like drinking from a fire hose.","Preference Take"

"Welcome. Unfortunately Kpop fans are extremely triggered by BTS praise from locals. Please ignore any negativity and enjoy Arirang.","Reactive Take"

"I think it went better than a lot of people expected. The only ones who lost were the haters. Underappreciated are the lyrics. They are ridiculously good.","Reactive Take"

"It's okay, not the type of music I usually listen to, but it makes me want to bop my head and learn the dance.","Preference Take"

"I am a Katseye fan. The music isn't outstanding and the lyrics aren't groundbreaking but they're easy to follow. When I get sick of all the drama, I stop following everything around them.","Analytical Take"

"I think it's a banger. People take kpop too seriously. What matters is does it make me want to dance? Yes.","Reactive Take"

"The song is fine, not really my thing. What bothers me is the meaning behind it. The company set them up to get hate as a marketing technique.","Analytical Take"

"I LOVE the message they want to convey. The girls get unnecessary hate. I can't help but be disappointed with the lyrics though. The writing sounds juvenile.","Analytical Take"

"This song sucks. It's a Katseye song through and through. I like ILLIT though.","Reactive Take"

"Whenever I see it I think how much water was used on the AI to make this dogslop noise pollution. Feel terrible ILLIT is being dragged into this.","Reactive Take"

"I'm not really sure what the point of this track was. It demonstrated HYBE's direction but lyrically it was cringe. It did nothing to highlight what makes these groups special.","Analytical Take"

"This is a genre I haven't really explored. My friend was blasting ILLIT yesterday and I was super into it. Where do I start?","Preference Take"

"When I first got into kpop I watched a lot of Save One Drop One videos on YouTube. Then I'd check out the songs I liked.","Preference Take"

"I'd recommend watching music videos and starting with the most viewed MVs.","Preference Take"

"Le Sserafim's whole discography is great. Depending on your taste, these are some groups that lean toward a similar sound and aesthetic.","Preference Take"




